Channel,net counts,Counts(w),Counts(wo),N=2
0,0,0,0,
1,0,0,0,
2,0,0,0,
3,0,0,0,
4,0,0,0,
5,0,0,0,
6,0,0,0,
7,0,0,0,
8,0,0,0,
9,0,0,0,
10,0,0,0,
11,0,0,0,
12,0,0,0,
13,0,0,0,
14,0,0,0,
15,0,0,0,
16,0,0,0,
17,0,0,0,
18,0,0,0,
19,0,0,0,
20,0,0,0,
21,0,0,0,
22,0,0,0,
23,0,0,0,
24,0,0,0,
25,0,0,0,
26,0,0,0,
27,0,0,0,
28,0,0,0,
29,0,0,0,
30,0,0,0,
31,0,0,0,
32,0,0,0,
33,0,0,0,
34,0,0,0,
35,0,0,0,
36,0,0,0,
37,0,0,0,
38,0,0,0,
39,0,0,0,
40,0,0,0,
41,0,0,0,
42,0,0,0,
43,0,0,0,
44,0,0,0,
45,0,0,0,
46,0,0,0,
47,0,0,0,
48,0,0,0,
49,0,0,0,
50,0,0,0,
51,0,0,0,
52,0,0,0,
53,0,0,0,
54,0,0,0,
55,0,0,0,
56,0,0,0,
57,0,0,0,
58,0,0,0,
59,0,0,0,
60,0,0,0,
61,0,0,0,
62,0,0,0,
63,0,0,0,
64,0,0,0,
65,0,0,0,
66,0,0,0,
67,0,0,0,
68,0,0,0,
69,0,0,0,
70,0,0,0,
71,0,0,0,
72,0,0,0,
73,0,0,0,
74,0,0,0,
75,0,0,0,
76,0,0,0,
77,0,0,0,
78,0,0,0,
79,0,0,0,
80,0,0,0,
81,0,0,0,
82,0,0,0,
83,0,0,0,
84,3,5,1,
85,8,38,15,
86,48,278,115,
87,106,504,199,
88,67,481,207,
89,64,514,225,
90,127,495,184,
91,108,526,209,
92,150,568,209,
93,43,567,262,
94,60,598,269,
95,86,666,290,
96,169,709,270,
97,162,742,290,
98,92,756,332,
99,131,805,337,
100,132,774,321,
101,144,862,359,
102,54,798,372,
103,38,824,393,
104,111,809,349,
105,186,896,355,
106,68,810,371,
107,156,834,339,
108,195,827,316,
109,84,792,354,
110,144,734,295,
111,70,734,332,
112,166,758,296,
113,52,742,345,
114,41,659,309,
115,41,661,310,
116,99,637,269,
117,78,674,298,
118,101,647,273,
119,98,564,233,
120,116,608,246,
121,60,580,260,
122,99,557,229,
123,54,544,245,
124,68,514,223,
125,45,503,229,
126,156,524,184,
127,58,470,206,
128,85,461,188,
129,75,479,202,
130,110,474,182,
131,18,412,197,
132,162,484,161,
133,100,482,191,
134,103,443,170,
135,73,447,187,
136,15,413,199,
137,100,466,183,
138,114,458,172,
139,65,435,185,
140,51,385,167,
141,107,433,163,
142,58,428,185,
143,79,453,187,
144,44,438,197,
145,93,459,183,
146,124,444,160,
147,86,458,186,
148,136,462,163,
149,139,469,165,
150,73,469,198,
151,102,464,181,
152,21,411,195,
153,94,448,177,
154,153,441,144,
155,69,473,202,
156,93,451,179,
157,58,470,206,
158,93,447,177,
159,93,461,184,
160,18,398,190,
161,60,472,206,
162,19,419,200,
163,65,451,193,
164,76,486,205,
165,147,497,175,
166,103,451,174,
167,91,451,180,
168,56,452,198,
169,65,437,186,
170,49,463,207,
171,94,470,188,
172,142,452,155,
173,84,448,182,
174,107,467,180,
175,73,447,187,
176,83,445,181,
177,69,469,200,
178,117,439,161,
179,116,458,171,
180,92,436,172,
181,107,443,168,
182,70,412,171,
183,87,423,168,
184,90,464,187,
185,52,460,204,
186,101,419,159,
187,24,422,199,
188,142,460,159,
189,67,435,184,
190,64,438,187,
191,143,483,170,
192,51,425,187,
193,95,483,194,
194,69,419,175,
195,86,432,173,
196,88,452,182,
197,93,477,192,
198,43,405,181,
199,34,426,196,
200,99,439,170,
201,157,505,174,
202,82,426,172,
203,194,498,152,
204,76,452,188,
205,63,463,200,
206,73,433,180,
207,30,446,208,
208,64,442,189,
209,71,463,196,
210,58,442,192,
211,59,447,194,
212,42,438,198,
213,82,444,181,
214,62,462,200,
215,54,448,197,
216,78,442,182,
217,146,502,178,
218,69,471,201,
219,-3,471,237,
220,55,487,216,
221,-23,459,241,
222,56,496,220,
223,84,460,188,
224,91,511,210,
225,49,497,224,
226,105,507,201,
227,48,522,237,
228,69,503,217,
229,131,575,222,
230,102,548,223,
231,85,557,236,
232,-70,472,271,
233,82,592,255,
234,106,612,253,
235,28,568,270,
236,88,614,263,
237,48,586,269,
238,42,536,247,
239,13,555,271,
240,91,637,273,
241,69,635,283,
242,102,606,252,
243,59,611,276,
244,129,621,246,
245,24,596,286,
246,17,645,314,
247,61,641,290,
248,88,664,288,
249,57,605,274,
250,62,624,281,
251,131,643,256,
252,84,598,257,
253,52,616,282,
254,103,657,277,
255,108,622,257,
256,80,608,264,
257,124,644,260,
258,77,575,249,
259,17,529,256,
260,79,583,252,
261,110,606,248,
262,55,541,243,
263,109,561,226,
264,34,502,234,
265,150,562,206,
266,42,526,242,
267,121,509,194,
268,101,513,206,
269,61,505,222,
270,115,495,190,
271,33,467,217,
272,69,459,195,
273,89,463,187,
274,107,433,163,
275,101,529,214,
276,71,431,180,
277,99,479,190,
278,79,439,180,
279,79,403,162,
280,55,411,178,
281,54,442,194,
282,126,452,163,
283,70,450,190,
284,58,392,167,
285,130,456,163,
286,85,429,172,
287,115,407,146,
288,107,421,157,
289,113,467,177,
290,100,418,159,
291,66,406,170,
292,105,421,158,
293,109,443,167,
294,30,386,178,
295,71,387,158,
296,73,389,158,
297,150,478,164,
298,94,374,140,
299,132,418,143,
300,103,399,148,
301,106,406,150,
302,63,367,152,
303,146,442,148,
304,39,407,184,
305,47,375,164,
306,87,375,144,
307,107,431,162,
308,84,408,162,
309,164,420,128,
310,112,392,140,
311,38,396,179,
312,85,393,154,
313,51,405,177,
314,66,368,151,
315,73,405,166,
316,119,391,136,
317,52,396,172,
318,81,403,161,
319,126,444,159,
320,84,386,151,
321,111,409,149,
322,83,377,147,
323,63,379,158,
324,96,436,170,
325,6,362,178,
326,103,391,144,
327,107,377,135,
328,113,407,147,
329,150,422,136,
330,37,349,156,
331,126,402,138,
332,87,383,148,
333,94,424,165,
334,99,357,129,
335,87,381,147,
336,94,378,142,
337,61,363,151,
338,49,341,146,
339,17,363,173,
340,78,378,150,
341,87,373,143,
342,93,387,147,
343,25,347,161,
344,78,358,140,
345,50,360,155,
346,116,354,119,
347,105,375,135,
348,41,335,147,
349,72,388,158,
350,57,331,137,
351,68,354,143,
352,62,326,132,
353,91,363,136,
354,13,313,150,
355,31,325,147,
356,119,345,113,
357,111,371,130,
358,65,303,119,
359,55,341,143,
360,103,361,129,
361,37,349,156,
362,70,326,128,
363,85,323,119,
364,4,290,143,
365,85,347,131,
366,89,333,122,
367,61,329,134,
368,105,345,120,
369,85,315,115,
370,101,319,109,
371,102,336,117,
372,77,303,113,
373,83,323,120,
374,66,318,126,
375,107,333,113,
376,52,296,122,
377,82,316,117,
378,84,312,114,
379,87,315,114,
380,77,313,118,
381,80,354,137,
382,70,296,113,
383,99,319,110,
384,40,274,117,
385,36,272,118,
386,75,277,101,
387,106,316,105,
388,137,333,98,
389,75,299,112,
390,71,293,111,
391,10,282,136,
392,78,280,101,
393,79,287,104,
394,74,284,105,
395,111,301,95,
396,78,294,108,
397,81,307,113,
398,104,302,99,
399,108,278,85,
400,68,274,103,
401,86,282,98,
402,100,268,84,
403,68,266,99,
404,37,255,109,
405,94,300,103,
406,55,255,100,
407,80,284,102,
408,110,264,77,
409,77,291,107,
410,83,285,101,
411,84,274,95,
412,76,256,90,
413,43,265,111,
414,95,273,89,
415,89,261,86,
416,71,259,94,
417,60,290,115,
418,38,222,92,
419,66,278,106,
420,112,272,80,
421,53,271,109,
422,110,296,93,
423,39,247,104,
424,43,263,110,
425,68,270,101,
426,56,264,104,
427,61,265,102,
428,49,255,103,
429,78,264,93,
430,34,244,105,
431,62,246,92,
432,70,260,95,
433,89,261,86,
434,59,245,93,
435,104,282,89,
436,79,267,94,
437,47,271,112,
438,89,281,96,
439,78,272,97,
440,113,263,75,
441,93,281,94,
442,73,255,91,
443,47,253,103,
444,61,241,90,
445,61,267,103,
446,53,273,110,
447,39,233,97,
448,126,266,70,
449,94,258,82,
450,65,263,99,
451,116,274,79,
452,77,249,86,
453,94,310,108,
454,56,258,101,
455,83,287,102,
456,79,235,78,
457,72,260,94,
458,82,248,83,
459,54,262,104,
460,67,245,89,
461,60,274,107,
462,62,234,86,
463,67,255,94,
464,59,249,95,
465,91,263,86,
466,94,284,95,
467,50,268,109,
468,62,244,91,
469,56,248,96,
470,37,237,100,
471,110,256,73,
472,53,235,91,
473,132,284,76,
474,45,243,99,
475,31,285,127,
476,66,244,89,
477,76,248,86,
478,45,261,108,
479,72,254,91,
480,53,237,92,
481,94,252,79,
482,78,250,86,
483,86,252,83,
484,64,258,97,
485,47,275,114,
486,75,263,94,
487,48,232,92,
488,61,249,94,
489,102,310,104,
490,34,238,102,
491,79,263,92,
492,68,236,84,
493,79,257,89,
494,91,267,88,
495,41,259,109,
496,75,261,93,
497,74,224,75,
498,92,272,90,
499,62,260,99,
500,47,233,93,
501,74,262,94,
502,70,240,85,
503,14,230,108,
504,62,264,101,
505,62,242,90,
506,62,248,93,
507,79,267,94,
508,44,242,99,
509,50,224,87,
510,74,246,86,
511,68,258,95,
512,61,223,81,
513,84,258,87,
514,68,260,96,
515,21,235,107,
516,90,270,90,
517,89,283,97,
518,40,250,105,
519,86,252,83,
520,84,256,86,
521,21,237,108,
522,87,253,83,
523,15,221,103,
524,42,232,95,
525,37,233,98,
526,107,257,75,
527,54,250,98,
528,37,233,98,
529,63,239,88,
530,28,220,96,
531,53,231,89,
532,60,256,98,
533,36,244,104,
534,90,256,83,
535,91,251,80,
536,61,209,74,
537,52,236,92,
538,82,258,88,
539,83,243,80,
540,77,251,87,
541,77,255,89,
542,48,234,93,
543,53,243,95,
544,45,227,91,
545,31,219,94,
546,64,240,88,
547,66,228,81,
548,89,239,75,
549,53,231,89,
550,42,222,90,
551,77,229,76,
552,63,223,80,
553,52,228,88,
554,84,244,80,
555,20,220,100,
556,78,238,80,
557,77,221,72,
558,33,235,101,
559,74,218,72,
560,65,251,93,
561,61,239,89,
562,83,233,75,
563,50,212,81,
564,59,225,83,
565,65,233,84,
566,18,208,95,
567,47,221,87,
568,34,212,89,
569,52,232,90,
570,40,204,82,
571,79,249,85,
572,8,196,94,
573,32,180,74,
574,49,215,83,
575,71,221,75,
576,42,192,75,
577,28,198,85,
578,41,193,76,
579,42,206,82,
580,53,187,67,
581,-3,179,91,
582,16,190,87,
583,45,185,70,
584,33,195,81,
585,83,215,66,
586,64,198,67,
587,17,175,79,
588,27,179,76,
589,75,219,72,
590,21,175,77,
591,14,190,88,
592,14,188,87,
593,54,198,72,
594,53,195,71,
595,50,196,73,
596,43,195,76,
597,31,183,76,
598,24,168,72,
599,83,203,60,
600,45,187,71,
601,60,198,69,
602,14,178,82,
603,14,168,77,
604,27,165,69,
605,26,174,74,
606,53,167,57,
607,12,158,73,
608,47,173,63,
609,21,169,74,
610,80,184,52,
611,22,162,70,
612,43,169,63,
613,4,158,77,
614,40,164,62,
615,34,168,67,
616,40,154,57,
617,33,177,72,
618,-20,140,80,
619,22,156,67,
620,33,175,71,
621,32,164,66,
622,44,170,63,
623,23,169,73,
624,12,180,84,
625,40,164,62,
626,44,152,54,
627,19,155,68,
628,7,153,73,
629,60,180,60,
630,29,149,60,
631,8,158,75,
632,30,158,64,
633,24,148,62,
634,15,137,61,
635,59,159,50,
636,27,147,60,
637,20,152,66,
638,39,171,66,
639,12,140,64,
640,32,160,64,
641,15,147,66,
642,32,152,60,
643,23,135,56,
644,18,156,69,
645,35,169,67,
646,37,149,56,
647,35,151,58,
648,83,157,37,
649,33,155,61,
650,37,145,54,
651,52,146,47,
652,65,163,49,
653,30,160,65,
654,6,140,67,
655,52,138,43,
656,40,166,63,
657,35,169,67,
658,49,157,54,
659,25,141,58,
660,-2,134,68,
661,9,141,66,
662,29,155,63,
663,29,145,58,
664,1,129,64,
665,39,157,59,
666,36,136,50,
667,-6,148,77,
668,35,159,62,
669,8,144,68,
670,32,150,59,
671,-57,131,94,
672,30,142,56,
673,20,148,64,
674,40,162,61,
675,23,157,67,
676,-2,120,61,
677,5,137,66,
678,30,152,61,
679,31,153,61,
680,-1,121,61,
681,36,164,64,
682,38,154,58,
683,2,132,65,
684,5,149,72,
685,6,130,62,
686,21,131,55,
687,7,133,63,
688,-22,120,71,
689,22,152,65,
690,-19,117,68,
691,0,128,64,
692,11,129,59,
693,14,140,63,
694,56,150,47,
695,2,128,63,
696,-1,137,69,
697,58,156,49,
698,50,144,47,
699,18,128,55,
700,44,132,44,
701,53,165,56,
702,33,157,62,
703,8,128,60,
704,37,143,53,
705,17,121,52,
706,5,153,74,
707,7,109,51,
708,-7,113,60,
709,34,152,59,
710,20,148,64,
711,29,141,56,
712,-5,127,66,
713,16,142,63,
714,2,144,71,
715,50,150,50,
716,6,124,59,
717,39,143,52,
718,7,141,67,
719,27,133,53,
720,30,136,53,
721,13,141,64,
722,38,138,50,
723,59,147,44,
724,2,138,68,
725,31,151,60,
726,22,126,52,
727,23,147,62,
728,56,142,43,
729,29,145,58,
730,35,137,51,
731,73,161,44,
732,-3,123,63,
733,44,162,59,
734,45,145,50,
735,2,132,65,
736,32,142,55,
737,6,136,65,
738,25,145,60,
739,54,150,48,
740,29,163,67,
741,37,167,65,
742,47,139,46,
743,75,171,48,
744,73,163,45,
745,76,180,52,
746,23,149,63,
747,-5,139,72,
748,65,191,63,
749,88,194,53,
750,70,184,57,
751,61,193,66,
752,81,189,54,
753,92,214,61,
754,64,184,60,
755,99,215,58,
756,48,180,66,
757,52,202,75,
758,60,194,67,
759,34,190,78,
760,68,212,72,
761,108,260,76,
762,129,241,56,
763,85,215,65,
764,86,220,67,
765,103,229,63,
766,80,228,74,
767,137,279,71,
768,87,227,70,
769,114,268,77,
770,158,288,65,
771,104,242,69,
772,117,271,77,
773,171,341,85,
774,176,316,70,
775,134,308,87,
776,97,311,107,
777,116,302,93,
778,151,315,82,
779,191,339,74,
780,148,348,100,
781,158,370,106,
782,205,389,92,
783,190,372,91,
784,181,399,109,
785,208,416,104,
786,215,393,89,
787,264,448,92,
788,210,444,117,
789,203,431,114,
790,240,454,107,
791,201,417,108,
792,238,450,106,
793,207,417,105,
794,254,466,106,
795,251,511,130,
796,210,532,161,
797,268,516,124,
798,221,497,138,
799,243,507,132,
800,225,473,124,
801,191,499,154,
802,254,538,142,
803,232,570,169,
804,241,551,155,
805,255,563,154,
806,201,537,168,
807,259,577,159,
808,166,534,184,
809,262,620,179,
810,267,567,150,
811,296,622,163,
812,232,608,188,
813,305,655,175,
814,267,637,185,
815,281,685,202,
816,253,623,185,
817,257,643,193,
818,300,646,173,
819,208,632,212,
820,248,658,205,
821,258,616,179,
822,260,666,203,
823,293,657,182,
824,279,661,191,
825,181,637,228,
826,232,640,204,
827,259,649,195,
828,252,672,210,
829,242,678,218,
830,279,671,196,
831,231,667,218,
832,164,596,216,
833,214,660,223,
834,274,634,180,
835,184,584,200,
836,235,615,190,
837,229,649,210,
838,186,604,209,
839,207,597,195,
840,178,600,211,
841,168,602,217,
842,140,568,214,
843,117,541,212,
844,182,580,199,
845,178,588,205,
846,127,527,200,
847,140,554,207,
848,126,566,220,
849,121,517,198,
850,139,499,180,
851,151,535,192,
852,109,485,188,
853,89,463,187,
854,110,472,181,
855,98,432,167,
856,2,394,196,
857,93,417,162,
858,133,401,134,
859,51,429,189,
860,125,413,144,
861,121,399,139,
862,77,381,152,
863,118,372,127,
864,38,328,145,
865,112,364,126,
866,52,336,142,
867,68,322,127,
868,36,276,120,
869,27,285,129,
870,80,292,106,
871,53,267,107,
872,49,257,104,
873,75,269,97,
874,73,259,93,
875,69,229,80,
876,53,237,92,
877,32,222,95,
878,60,224,82,
879,54,182,64,
880,3,175,86,
881,35,187,76,
882,22,152,65,
883,-13,145,79,
884,37,155,59,
885,49,147,49,
886,-11,115,63,
887,13,135,61,
888,-11,97,54,
889,28,116,44,
890,-6,82,44,
891,-5,87,46,
892,3,97,47,
893,4,94,45,
894,13,81,34,
895,-9,67,38,
896,11,73,31,
897,9,79,35,
898,25,69,22,
899,17,57,20,
900,-5,49,27,
901,25,55,15,
902,-16,58,37,
903,-2,38,20,
904,6,34,14,
905,22,42,10,
906,4,40,18,
907,-8,34,21,
908,11,31,10,
909,-15,27,21,
910,11,27,8,
911,11,31,10,
912,-7,15,11,
913,0,22,11,
914,-18,14,16,
915,4,12,4,
916,-5,9,7,
917,11,25,7,
918,2,16,7,
919,5,19,7,
920,-12,10,11,
921,-1,11,6,
922,6,14,4,
923,1,9,4,
924,2,10,4,
925,7,15,4,
926,13,13,0,
927,0,4,2,
928,-2,4,3,
929,3,5,1,
930,0,4,2,
931,-3,3,3,
932,0,4,2,
933,0,4,2,
934,2,4,1,
935,1,3,1,
936,-1,3,2,
937,-4,2,3,
938,-4,4,4,
939,-1,5,3,
940,0,2,1,
941,1,5,2,
942,3,5,1,
943,-1,5,3,
944,8,8,0,
945,1,3,1,
946,7,7,0,
947,2,4,1,
948,-2,2,2,
949,3,5,1,
950,0,2,1,
951,-1,1,1,
952,0,4,2,
953,0,4,2,
954,1,5,2,
955,-4,2,3,
956,0,2,1,
957,0,0,0,
958,1,5,2,
959,0,0,0,
960,2,2,0,
961,0,4,2,
962,0,2,1,
963,5,5,0,
964,8,8,0,
965,-5,3,4,
966,4,6,1,
967,6,6,0,
968,-2,2,2,
969,4,8,2,
970,4,4,0,
971,-1,3,2,
972,-5,1,3,
973,1,3,1,
974,2,4,1,
975,0,2,1,
976,-3,1,2,
977,1,1,0,
978,2,6,2,
979,2,2,0,
980,2,4,1,
981,3,5,1,
982,-7,1,4,
983,5,7,1,
984,3,3,0,
985,-3,3,3,
986,4,4,0,
987,0,2,1,
988,4,4,0,
989,4,4,0,
990,5,5,0,
991,3,3,0,
992,2,2,0,
993,1,1,0,
994,2,4,1,
995,-1,3,2,
996,0,2,1,
997,-3,3,3,
998,2,2,0,
999,-4,2,3,
1000,3,3,0,
1001,0,2,1,
1002,0,2,1,
1003,-3,1,2,
1004,-1,5,3,
1005,6,6,0,
1006,-3,3,3,
1007,3,5,1,
1008,4,6,1,
1009,-3,1,2,
1010,-1,1,1,
1011,0,0,0,
1012,-5,3,4,
1013,0,2,1,
1014,-7,1,4,
1015,0,2,1,
1016,-3,1,2,
1017,2,4,1,
1018,-3,1,2,
1019,3,3,0,
1020,-1,1,1,
1021,0,2,1,
1022,-3,3,3,
1023,3,3,0,
1024,2,2,0,
1025,1,3,1,
1026,-2,4,3,
1027,-1,1,1,
1028,1,3,1,
1029,2,2,0,
1030,-2,2,2,
1031,-2,2,2,
1032,4,4,0,
1033,2,2,0,
1034,0,2,1,
1035,1,3,1,
1036,-2,4,3,
1037,1,5,2,
1038,3,3,0,
1039,-5,1,3,
1040,-4,2,3,
1041,3,5,1,
1042,3,3,0,
1043,0,2,1,
1044,4,4,0,
1045,1,1,0,
1046,0,2,1,
1047,-2,2,2,
1048,6,6,0,
1049,-2,2,2,
1050,0,2,1,
1051,3,3,0,
1052,3,3,0,
1053,2,4,1,
1054,-3,1,2,
1055,0,0,0,
1056,5,5,0,
1057,1,1,0,
1058,-1,1,1,
1059,1,1,0,
1060,-5,3,4,
1061,0,2,1,
1062,-3,3,3,
1063,0,2,1,
1064,3,3,0,
1065,2,2,0,
1066,-5,1,3,
1067,-1,5,3,
1068,2,2,0,
1069,3,3,0,
1070,-2,2,2,
1071,1,3,1,
1072,-3,1,2,
1073,3,3,0,
1074,3,5,1,
1075,-1,3,2,
1076,3,5,1,
1077,0,2,1,
1078,0,2,1,
1079,-1,1,1,
1080,1,3,1,
1081,0,4,2,
1082,-1,3,2,
1083,-1,1,1,
1084,3,3,0,
1085,2,2,0,
1086,1,3,1,
1087,2,2,0,
1088,3,5,1,
1089,-1,1,1,
1090,-1,3,2,
1091,0,2,1,
1092,-1,3,2,
1093,4,4,0,
1094,1,3,1,
1095,3,3,0,
1096,0,2,1,
1097,1,3,1,
1098,-3,3,3,
1099,2,2,0,
1100,1,3,1,
1101,3,3,0,
1102,-2,2,2,
1103,-1,1,1,
1104,0,6,3,
1105,4,4,0,
1106,0,2,1,
1107,1,1,0,
1108,0,4,2,
1109,-4,2,3,
1110,-1,1,1,
1111,3,3,0,
1112,2,4,1,
1113,1,3,1,
1114,-1,3,2,
1115,-3,1,2,
1116,5,5,0,
1117,0,4,2,
1118,-2,2,2,
1119,0,0,0,
1120,-3,1,2,
1121,0,2,1,
1122,-2,0,1,
1123,-2,0,1,
1124,-1,3,2,
1125,-1,1,1,
1126,0,2,1,
1127,3,3,0,
1128,1,1,0,
1129,1,3,1,
1130,2,4,1,
1131,-1,1,1,
1132,1,3,1,
1133,-4,0,2,
1134,-3,1,2,
1135,1,1,0,
1136,-1,3,2,
1137,3,3,0,
1138,-2,0,1,
1139,0,2,1,
1140,3,3,0,
1141,-3,1,2,
1142,0,2,1,
1143,1,1,0,
1144,-1,3,2,
1145,-1,1,1,
1146,2,4,1,
1147,-2,2,2,
1148,-3,1,2,
1149,0,2,1,
1150,1,3,1,
1151,5,5,0,
1152,-2,0,1,
1153,3,3,0,
1154,2,2,0,
1155,3,3,0,
1156,4,4,0,
1157,1,1,0,
1158,1,3,1,
1159,-2,0,1,
1160,-1,1,1,
1161,1,1,0,
1162,1,3,1,
1163,-4,0,2,
1164,4,4,0,
1165,-1,1,1,
1166,-1,3,2,
1167,6,8,1,
1168,2,4,1,
1169,0,2,1,
1170,3,3,0,
1171,3,3,0,
1172,1,1,0,
1173,-1,3,2,
1174,0,2,1,
1175,-8,2,5,
1176,2,2,0,
1177,3,3,0,
1178,2,2,0,
1179,1,1,0,
1180,4,4,0,
1181,0,0,0,
1182,2,4,1,
1183,1,1,0,
1184,-2,0,1,
1185,-2,0,1,
1186,3,3,0,
1187,1,1,0,
1188,-2,0,1,
1189,2,4,1,
1190,-3,1,2,
1191,0,0,0,
1192,-2,0,1,
1193,-2,4,3,
1194,-4,0,2,
1195,0,0,0,
1196,1,3,1,
1197,-3,1,2,
1198,-1,1,1,
1199,-3,1,2,
1200,-3,3,3,
1201,1,3,1,
1202,0,4,2,
1203,0,2,1,
1204,0,2,1,
1205,-1,1,1,
1206,3,5,1,
1207,0,2,1,
1208,-3,1,2,
1209,2,2,0,
1210,4,4,0,
1211,0,2,1,
1212,-1,1,1,
1213,0,2,1,
1214,3,3,0,
1215,1,1,0,
1216,-1,1,1,
1217,0,0,0,
1218,1,1,0,
1219,-3,1,2,
1220,1,1,0,
1221,3,3,0,
1222,3,3,0,
1223,2,4,1,
1224,-3,1,2,
1225,2,4,1,
1226,-1,1,1,
1227,2,2,0,
1228,2,2,0,
1229,-1,1,1,
1230,1,3,1,
1231,0,2,1,
1232,2,2,0,
1233,0,2,1,
1234,-1,3,2,
1235,2,4,1,
1236,-1,1,1,
1237,1,3,1,
1238,4,4,0,
1239,1,1,0,
1240,-2,0,1,
1241,-2,2,2,
1242,2,2,0,
1243,-3,1,2,
1244,2,2,0,
1245,-2,2,2,
1246,3,3,0,
1247,-2,0,1,
1248,2,2,0,
1249,0,2,1,
1250,3,3,0,
1251,1,1,0,
1252,0,2,1,
1253,3,3,0,
1254,1,3,1,
1255,3,3,0,
1256,3,3,0,
1257,0,2,1,
1258,5,7,1,
1259,6,6,0,
1260,0,0,0,
1261,-2,0,1,
1262,1,3,1,
1263,0,4,2,
1264,3,3,0,
1265,3,3,0,
1266,-1,1,1,
1267,1,3,1,
1268,0,0,0,
1269,0,2,1,
1270,-4,0,2,
1271,3,3,0,
1272,3,3,0,
1273,1,1,0,
1274,-1,3,2,
1275,0,2,1,
1276,1,3,1,
1277,0,0,0,
1278,1,5,2,
1279,5,5,0,
1280,1,3,1,
1281,1,1,0,
1282,2,2,0,
1283,1,3,1,
1284,-3,3,3,
1285,0,0,0,
1286,4,4,0,
1287,5,5,0,
1288,0,0,0,
1289,2,2,0,
1290,2,4,1,
1291,1,1,0,
1292,-1,1,1,
1293,1,1,0,
1294,-7,1,4,
1295,-6,0,3,
1296,3,3,0,
1297,-1,1,1,
1298,0,2,1,
1299,1,3,1,
1300,1,1,0,
1301,0,0,0,
1302,1,3,1,
1303,-2,0,1,
1304,2,2,0,
1305,1,3,1,
1306,-3,3,3,
1307,4,4,0,
1308,0,0,0,
1309,-1,1,1,
1310,1,1,0,
1311,-2,0,1,
1312,-5,1,3,
1313,0,2,1,
1314,4,4,0,
1315,-5,1,3,
1316,0,0,0,
1317,-1,1,1,
1318,1,1,0,
1319,0,2,1,
1320,0,0,0,
1321,-2,2,2,
1322,3,3,0,
1323,1,3,1,
1324,0,0,0,
1325,5,5,0,
1326,1,1,0,
1327,2,2,0,
1328,3,3,0,
1329,1,3,1,
1330,2,4,1,
1331,-1,3,2,
1332,-1,3,2,
1333,0,2,1,
1334,3,3,0,
1335,-2,0,1,
1336,2,2,0,
1337,0,0,0,
1338,2,4,1,
1339,1,1,0,
1340,3,3,0,
1341,2,2,0,
1342,1,3,1,
1343,2,2,0,
1344,2,2,0,
1345,-4,2,3,
1346,2,2,0,
1347,4,4,0,
1348,1,5,2,
1349,1,1,0,
1350,7,7,0,
1351,4,4,0,
1352,-1,1,1,
1353,3,3,0,
1354,-4,2,3,
1355,-2,2,2,
1356,-1,3,2,
1357,1,3,1,
1358,0,2,1,
1359,2,4,1,
1360,-2,0,1,
1361,1,3,1,
1362,3,3,0,
1363,2,2,0,
1364,-1,1,1,
1365,2,2,0,
1366,-4,0,2,
1367,-5,1,3,
1368,4,4,0,
1369,4,4,0,
1370,-2,2,2,
1371,0,2,1,
1372,1,1,0,
1373,1,3,1,
1374,1,3,1,
1375,-4,0,2,
1376,2,2,0,
1377,-4,2,3,
1378,-4,2,3,
1379,0,2,1,
1380,5,5,0,
1381,1,5,2,
1382,5,5,0,
1383,1,3,1,
1384,-8,2,5,
1385,2,4,1,
1386,4,4,0,
1387,0,2,1,
1388,0,2,1,
1389,3,3,0,
1390,1,3,1,
1391,3,3,0,
1392,-2,2,2,
1393,4,4,0,
1394,2,2,0,
1395,0,2,1,
1396,4,4,0,
1397,2,2,0,
1398,-2,0,1,
1399,2,2,0,
1400,1,3,1,
1401,-5,1,3,
1402,-2,2,2,
1403,1,1,0,
1404,-1,1,1,
1405,2,2,0,
1406,2,4,1,
1407,-1,1,1,
1408,-2,0,1,
1409,2,2,0,
1410,0,2,1,
1411,-2,2,2,
1412,-3,1,2,
1413,-1,3,2,
1414,3,5,1,
1415,-2,2,2,
1416,0,2,1,
1417,-2,2,2,
1418,0,2,1,
1419,0,4,2,
1420,2,2,0,
1421,2,4,1,
1422,-6,2,4,
1423,0,4,2,
1424,1,3,1,
1425,3,3,0,
1426,2,4,1,
1427,-4,0,2,
1428,-3,1,2,
1429,1,1,0,
1430,-5,1,3,
1431,3,5,1,
1432,-6,4,5,
1433,-1,3,2,
1434,2,2,0,
1435,-5,1,3,
1436,2,4,1,
1437,0,2,1,
1438,3,3,0,
1439,-5,1,3,
1440,0,2,1,
1441,2,4,1,
1442,0,2,1,
1443,-4,2,3,
1444,-2,2,2,
1445,3,3,0,
1446,1,1,0,
1447,0,2,1,
1448,1,1,0,
1449,4,4,0,
1450,1,3,1,
1451,6,6,0,
1452,3,5,1,
1453,1,3,1,
1454,-4,0,2,
1455,-3,1,2,
1456,-5,1,3,
1457,-2,2,2,
1458,-2,2,2,
1459,0,2,1,
1460,-3,1,2,
1461,-2,2,2,
1462,-1,1,1,
1463,0,0,0,
1464,-1,1,1,
1465,-2,0,1,
1466,2,2,0,
1467,0,0,0,
1468,0,4,2,
1469,1,1,0,
1470,3,3,0,
1471,1,3,1,
1472,2,2,0,
1473,5,5,0,
1474,1,3,1,
1475,-1,1,1,
1476,2,2,0,
1477,-1,1,1,
1478,0,0,0,
1479,-3,1,2,
1480,-6,0,3,
1481,-3,1,2,
1482,-5,1,3,
1483,-1,1,1,
1484,2,2,0,
1485,0,2,1,
1486,3,3,0,
1487,5,5,0,
1488,0,0,0,
1489,-2,0,1,
1490,1,1,0,
1491,4,4,0,
1492,0,2,1,
1493,1,1,0,
1494,0,2,1,
1495,-4,2,3,
1496,1,3,1,
1497,-1,1,1,
1498,-8,0,4,
1499,-3,1,2,
1500,0,4,2,
1501,2,2,0,
1502,-6,0,3,
1503,-2,0,1,
1504,2,2,0,
1505,0,0,0,
1506,2,2,0,
1507,2,4,1,
1508,-2,0,1,
1509,-2,0,1,
1510,0,2,1,
1511,0,2,1,
1512,0,2,1,
1513,-6,0,3,
1514,1,1,0,
1515,-3,1,2,
1516,0,0,0,
1517,1,1,0,
1518,0,0,0,
1519,1,1,0,
1520,1,1,0,
1521,1,1,0,
1522,0,2,1,
1523,0,2,1,
1524,0,2,1,
1525,-2,2,2,
1526,-3,1,2,
1527,2,2,0,
1528,-3,1,2,
1529,4,4,0,
1530,1,1,0,
1531,-1,1,1,
1532,1,1,0,
1533,-2,2,2,
1534,-4,0,2,
1535,2,2,0,
1536,3,3,0,
1537,2,2,0,
1538,0,0,0,
1539,1,3,1,
1540,2,2,0,
1541,-2,2,2,
1542,0,2,1,
1543,3,3,0,
1544,1,3,1,
1545,0,0,0,
1546,0,0,0,
1547,0,2,1,
1548,2,2,0,
1549,0,2,1,
1550,0,0,0,
1551,2,2,0,
1552,0,4,2,
1553,-1,1,1,
1554,-6,2,4,
1555,1,1,0,
1556,-4,0,2,
1557,1,3,1,
1558,-4,0,2,
1559,-3,1,2,
1560,-3,1,2,
1561,-1,3,2,
1562,1,1,0,
1563,3,3,0,
1564,0,0,0,
1565,2,2,0,
1566,-4,0,2,
1567,1,1,0,
1568,0,0,0,
1569,0,4,2,
1570,-3,1,2,
1571,-2,4,3,
1572,0,2,1,
1573,-4,2,3,
1574,-1,3,2,
1575,2,2,0,
1576,4,6,1,
1577,1,5,2,
1578,-1,3,2,
1579,0,0,0,
1580,0,2,1,
1581,2,2,0,
1582,3,7,2,
1583,3,3,0,
1584,-3,5,4,
1585,-5,1,3,
1586,1,5,2,
1587,-4,4,4,
1588,0,6,3,
1589,1,5,2,
1590,4,4,0,
1591,-2,4,3,
1592,-5,3,4,
1593,6,6,0,
1594,0,8,4,
1595,3,7,2,
1596,4,4,0,
1597,0,2,1,
1598,-1,5,3,
1599,8,10,1,
1600,4,6,1,
1601,0,4,2,
1602,-1,5,3,
1603,4,10,3,
1604,3,5,1,
1605,8,8,0,
1606,1,9,4,
1607,5,7,1,
1608,0,0,0,
1609,1,5,2,
1610,-1,3,2,
1611,-5,5,5,
1612,-5,1,3,
1613,6,6,0,
1614,3,3,0,
1615,-1,5,3,
1616,1,3,1,
1617,-12,6,9,
1618,-3,1,2,
1619,0,0,0,
1620,0,4,2,
1621,-2,4,3,
1622,1,5,2,
1623,1,3,1,
1624,2,2,0,
1625,2,4,1,
1626,2,2,0,
1627,0,0,0,
1628,0,2,1,
1629,-2,2,2,
1630,0,2,1,
1631,1,1,0,
1632,0,0,0,
1633,-1,1,1,
1634,0,2,1,
1635,-1,1,1,
1636,1,1,0,
1637,-1,1,1,
1638,1,1,0,
1639,0,0,0,
1640,-3,1,2,
1641,2,2,0,
1642,0,0,0,
1643,3,3,0,
1644,2,4,1,
1645,1,1,0,
1646,1,1,0,
1647,0,0,0,
1648,-1,1,1,
1649,2,2,0,
1650,0,0,0,
1651,0,0,0,
1652,-2,0,1,
1653,0,0,0,
1654,2,2,0,
1655,-1,1,1,
1656,0,0,0,
1657,2,2,0,
1658,-2,0,1,
1659,-2,0,1,
1660,2,2,0,
1661,-2,0,1,
1662,-2,0,1,
1663,0,0,0,
1664,0,0,0,
1665,0,0,0,
1666,0,0,0,
1667,0,0,0,
1668,1,1,0,
1669,0,0,0,
1670,1,1,0,
1671,0,0,0,
1672,0,0,0,
1673,0,0,0,
1674,-2,0,1,
1675,0,0,0,
1676,0,2,1,
1677,3,3,0,
1678,0,0,0,
1679,1,1,0,
1680,1,1,0,
1681,0,0,0,
1682,0,0,0,
1683,0,0,0,
1684,-2,0,1,
1685,-1,1,1,
1686,-2,0,1,
1687,0,0,0,
1688,1,1,0,
1689,2,2,0,
1690,0,0,0,
1691,0,0,0,
1692,0,0,0,
1693,1,1,0,
1694,-2,0,1,
1695,1,1,0,
1696,0,0,0,
1697,0,0,0,
1698,2,2,0,
1699,0,0,0,
1700,3,3,0,
1701,-4,0,2,
1702,1,1,0,
1703,2,2,0,
1704,0,0,0,
1705,1,1,0,
1706,0,0,0,
1707,0,0,0,
1708,1,1,0,
1709,-2,0,1,
1710,0,0,0,
1711,-1,1,1,
1712,0,0,0,
1713,0,0,0,
1714,0,0,0,
1715,1,1,0,
1716,1,1,0,
1717,0,0,0,
1718,0,0,0,
1719,0,0,0,
1720,0,0,0,
1721,0,0,0,
1722,1,1,0,
1723,0,0,0,
1724,-1,1,1,
1725,2,2,0,
1726,1,1,0,
1727,0,0,0,
1728,2,2,0,
1729,2,2,0,
1730,0,0,0,
1731,0,0,0,
1732,0,0,0,
1733,0,0,0,
1734,-2,0,1,
1735,1,1,0,
1736,0,0,0,
1737,0,0,0,
1738,0,0,0,
1739,1,1,0,
1740,-2,0,1,
1741,0,0,0,
1742,1,1,0,
1743,0,0,0,
1744,0,0,0,
1745,-1,1,1,
1746,1,1,0,
1747,2,2,0,
1748,1,1,0,
1749,-10,0,5,
1750,0,0,0,
1751,0,0,0,
1752,1,1,0,
1753,1,1,0,
1754,-2,0,1,
1755,0,0,0,
1756,0,0,0,
1757,0,0,0,
1758,1,1,0,
1759,0,0,0,
1760,0,0,0,
1761,0,0,0,
1762,1,1,0,
1763,0,0,0,
1764,-2,0,1,
1765,0,0,0,
1766,0,0,0,
1767,1,1,0,
1768,0,0,0,
1769,-2,0,1,
1770,0,4,2,
1771,0,0,0,
1772,0,0,0,
1773,0,0,0,
1774,-2,0,1,
1775,1,1,0,
1776,1,1,0,
1777,-2,0,1,
1778,1,1,0,
1779,0,0,0,
1780,0,0,0,
1781,0,0,0,
1782,0,0,0,
1783,1,1,0,
1784,0,0,0,
1785,0,0,0,
1786,0,0,0,
1787,0,0,0,
1788,0,0,0,
1789,0,0,0,
1790,0,0,0,
1791,0,0,0,
1792,0,0,0,
1793,1,1,0,
1794,-2,0,1,
1795,0,0,0,
1796,0,0,0,
1797,0,0,0,
1798,1,1,0,
1799,-2,0,1,
1800,0,0,0,
1801,0,0,0,
1802,0,0,0,
1803,-1,1,1,
1804,1,1,0,
1805,1,1,0,
1806,1,1,0,
1807,0,0,0,
1808,0,0,0,
1809,1,1,0,
1810,1,1,0,
1811,0,0,0,
1812,0,0,0,
1813,0,0,0,
1814,0,0,0,
1815,0,0,0,
1816,0,0,0,
1817,0,0,0,
1818,0,0,0,
1819,0,0,0,
1820,0,0,0,
1821,0,0,0,
1822,0,0,0,
1823,-2,0,1,
1824,-2,0,1,
1825,0,0,0,
1826,0,0,0,
1827,1,1,0,
1828,0,0,0,
1829,1,1,0,
1830,0,0,0,
1831,0,0,0,
1832,0,0,0,
1833,1,1,0,
1834,0,0,0,
1835,0,0,0,
1836,0,0,0,
1837,1,1,0,
1838,0,0,0,
1839,0,0,0,
1840,0,0,0,
1841,0,0,0,
1842,1,1,0,
1843,1,1,0,
1844,0,0,0,
1845,1,1,0,
1846,0,0,0,
1847,0,0,0,
1848,0,0,0,
1849,1,1,0,
1850,0,0,0,
1851,0,0,0,
1852,0,0,0,
1853,0,0,0,
1854,0,0,0,
1855,0,0,0,
1856,-2,0,1,
1857,0,0,0,
1858,0,0,0,
1859,0,0,0,
1860,0,0,0,
1861,0,0,0,
1862,0,0,0,
1863,0,0,0,
1864,0,0,0,
1865,1,1,0,
1866,1,1,0,
1867,0,0,0,
1868,0,0,0,
1869,0,0,0,
1870,1,1,0,
1871,0,0,0,
1872,0,0,0,
1873,0,0,0,
1874,1,1,0,
1875,0,0,0,
1876,1,1,0,
1877,1,1,0,
1878,0,0,0,
1879,1,1,0,
1880,1,1,0,
1881,0,0,0,
1882,2,2,0,
1883,0,0,0,
1884,-1,1,1,
1885,0,0,0,
1886,0,2,1,
1887,0,0,0,
1888,0,0,0,
1889,-2,0,1,
1890,1,1,0,
1891,0,0,0,
1892,0,0,0,
1893,0,0,0,
1894,0,0,0,
1895,0,0,0,
1896,-2,0,1,
1897,-2,0,1,
1898,-2,0,1,
1899,1,1,0,
1900,0,0,0,
1901,1,1,0,
1902,-2,0,1,
1903,1,1,0,
1904,0,0,0,
1905,2,2,0,
1906,-2,0,1,
1907,0,0,0,
1908,0,0,0,
1909,0,0,0,
1910,0,0,0,
1911,0,0,0,
1912,2,2,0,
1913,0,0,0,
1914,0,0,0,
1915,1,1,0,
1916,0,0,0,
1917,-2,0,1,
1918,1,1,0,
1919,0,0,0,
1920,1,1,0,
1921,1,1,0,
1922,0,0,0,
1923,0,0,0,
1924,0,0,0,
1925,1,1,0,
1926,0,0,0,
1927,0,0,0,
1928,0,0,0,
1929,2,2,0,
1930,0,0,0,
1931,-2,0,1,
1932,-1,1,1,
1933,1,1,0,
1934,0,0,0,
1935,0,0,0,
1936,2,2,0,
1937,-2,0,1,
1938,0,0,0,
1939,-2,0,1,
1940,0,0,0,
1941,0,0,0,
1942,0,0,0,
1943,0,0,0,
1944,0,0,0,
1945,-2,0,1,
1946,0,0,0,
1947,0,0,0,
1948,0,0,0,
1949,0,0,0,
1950,0,0,0,
1951,1,1,0,
1952,-3,1,2,
1953,0,0,0,
1954,0,0,0,
1955,1,1,0,
1956,0,0,0,
1957,0,0,0,
1958,0,0,0,
1959,0,0,0,
1960,0,0,0,
1961,0,0,0,
1962,0,0,0,
1963,1,1,0,
1964,0,0,0,
1965,-2,0,1,
1966,0,0,0,
1967,0,0,0,
1968,-2,0,1,
1969,1,1,0,
1970,0,0,0,
1971,0,0,0,
1972,0,0,0,
1973,1,1,0,
1974,0,0,0,
1975,-2,0,1,
1976,0,0,0,
1977,0,0,0,
1978,0,0,0,
1979,0,0,0,
1980,2,2,0,
1981,0,0,0,
1982,0,0,0,
1983,0,0,0,
1984,0,0,0,
1985,-2,0,1,
1986,0,0,0,
1987,0,0,0,
1988,0,0,0,
1989,0,0,0,
1990,0,0,0,
1991,1,1,0,
1992,0,0,0,
1993,1,1,0,
1994,0,0,0,
1995,0,0,0,
1996,0,0,0,
1997,0,0,0,
1998,0,0,0,
1999,0,0,0,
2000,-2,0,1,
2001,0,0,0,
2002,1,1,0,
2003,0,0,0,
2004,0,0,0,
2005,1,1,0,
2006,0,0,0,
2007,-2,0,1,
2008,0,0,0,
2009,1,1,0,
2010,0,0,0,
2011,0,0,0,
2012,0,0,0,
2013,0,0,0,
2014,0,0,0,
2015,0,0,0,
2016,0,0,0,
2017,0,0,0,
2018,0,0,0,
2019,0,0,0,
2020,0,0,0,
2021,0,0,0,
2022,0,0,0,
2023,0,0,0,
2024,0,0,0,
2025,-2,0,1,
2026,0,0,0,
2027,0,0,0,
2028,0,0,0,
2029,0,0,0,
2030,0,0,0,
2031,0,0,0,
2032,-2,0,1,
2033,2,2,0,
2034,0,0,0,
2035,-1,1,1,
2036,-2,0,1,
2037,0,0,0,
2038,0,0,0,
2039,1,1,0,
2040,-2,0,1,
2041,1,1,0,
2042,-2,0,1,
2043,0,0,0,
2044,0,0,0,
2045,0,0,0,
2046,-4,0,2,
2047,-4,0,2,
